年份,题号,分值,题型关键词,来源文件,页码,题目摘要,答案摘要
1990,八,8,正交变换化标准形,基础篇题目/答案,p194/p173,"f=x1^2+4x2^2+4x3^2-4x1x2+4x1x3-8x2x3，求正交变换化标准形","A特征值0,0,9；标准形f=9y3^2"
1993,七,8,正交变换反求参数与正交矩阵,基础篇题目/答案,p194/p174,"f=2x1^2+3x2^2+3x3^2+2a x2x3(a>0)，正交变换化y1^2+2y2^2+5y3^2，求a及正交矩阵","a=2；特征值1,2,5"
1996,九,8,二次型秩/特征值/二次曲面,基础篇题目/答案,p194/p175,"f=5x1^2+5x2^2+c x3^2-2x1x2+6x1x3-6x2x3秩2；(1)求c及特征值(2)f=1表示何种曲面","c=3；特征值0,4,9；椭圆柱面4y2^2+9y3^2=1"
1998,十,6,二次曲面正交变换,基础篇题目/答案,p195/p175,"x^2+a y^2+z^2+2bxy+2xz+2yz=4经正交变换化为xi^2+4eta^2=4，求a,b及正交矩阵P","a=3,b=1；特征值0,1,4"
2002,一(4),3,标准形反求参数,基础篇题目/答案,p195/p176,"f=a(x1^2+x2^2+x3^2)+4x1x2+4x1x3+4x2x3经正交变换化f=6y1^2，求a","a=2"
2005,20,9,秩/正交变换/f=0解,基础篇题目/答案,p196/p176,"f=(1-a)x1^2+(1-a)x2^2+2x3^2+2(1+a)x1x2秩2；(I)求a(II)正交变换化标准形(III)f=0的解","a=0；特征值2,2,0；标准形2y1^2+2y2^2；解x=k(1,-1,0)^T"
2008,6,4,二次曲面判正特征值个数,基础篇题目/答案,p196/p177,"三阶实对称A，x^TAx=1正交变换标准方程图形为双叶双曲面，问A正特征值个数","B(1个)"
1991,八,6,正定矩阵证明,基础篇题目/答案,p197/p177,"A为n阶正定矩阵，E单位阵，证明|A+E|>1","特征值全正λi>0，|A+E|=prod(1+λi)>1"
1999,十一,6,正定充要条件,基础篇题目/答案,p197/p178,"A为m阶实对称正定，B为m×n实矩阵，证明B^TAB正定等价于r(B)=n","必要性Bx=0只有零解；充分性B列满秩"
2001,二(4),3,合同vs相似选择,基础篇题目/答案,p199/p179,"A为4阶全1矩阵，B=diag(4,0,0,0)，问合同/相似关系","A(合同且相似)"
2007,8,4,合同vs相似选择,基础篇题目/答案,p199/p179,"A为三对角(2,-1;-1,2,-1;-1,2)，B=diag(1,1,0)，问合同/相似关系","B(合同但不相似)；A特征值3,3,0"
2009,21,11,规范形反求参数,提高篇题目/答案,p059/p129,"f=a x1^2+a x2^2+(a-1)x3^2+2x1x3-2x2x3；(I)求所有特征值(II)规范形y1^2+y2^2求a","特征值a,a+1,a-2；a=2"
2010,21,11,反求矩阵A+证正定,提高篇题目/答案,p060/p129,"f=x^TAx正交变换x=Qy下标准形y1^2+y2^2，Q第3列(sqrt2/2,0,sqrt2/2)^T；(I)求A(II)证A+E正定","A=[1/2,0,-1/2;0,1,0;-1/2,0,1/2]；特征值1,1,0；A+E特征值2,2,1>0正定"
2011,13,4,二次曲面反求参数,提高篇题目/答案,p060/p130,"x^2+3y^2+z^2+2axy+2xz+2yz=4经正交变换化为y1^2+4z1^2=4，求a","a=1"
2012,21,11,A^TA秩/正交变换,提高篇题目/答案,p060/p130,"A=[1,0,1;0,1,1;-1,0,a;0,a,-1]，f=x^T(A^TA)x秩2；(I)求a(II)正交变换化标准形","a=-1；A^TA特征值0,2,6；标准形2y2^2+6y3^2"
2013,21,11,矩阵表达式证明/标准形,提高篇题目/答案,p061/p131,"f=2(a1x1+a2x2+a3x3)^2+(b1x1+b2x2+b3x3)^2；(I)证矩阵=2aa^T+bb^T(II)a,b正交单位证标准形2y1^2+y2^2","A=2aa^T+bb^T；特征值2,1,0"
2014,13,4,负惯性指数求参数范围,提高篇题目/答案,p061/p132,"f=x1^2-x2^2+2a x1x3+4x2x3负惯性指数为1，求a范围","a∈[-2,2]"
2015,6,4,标准形列变换选择,提高篇题目/答案,p061/p132,"f在x=Py(P=[e1,e2,e3])下标准形2y1^2+y2^2-y3^2，Q=[e1,-e3,e2]，求x=Qy下标准形","A(2y1^2-y2^2+y3^2)"
2016,6,4,二次曲面类型选择,提高篇题目/答案,p062/p133,"f=x1^2+x2^2+x3^2+4x1x2+4x1x3+4x2x3，f=2表示何种二次曲面","B(双叶双曲面)；特征值5,-1,-1"
2017,21,11,正交变换求参数与Q,提高篇题目/答案,p062/p133,"f=2x1^2-x2^2+a x3^2+2x1x2-8x1x3+2x2x3，正交变换标准形λ1y1^2+λ2y2^2，求a及正交矩阵Q","a=2；特征值6,-3,0；标准形6y1^2-3y2^2"
2018,20,11,f=0解/规范形含参,提高篇题目/答案,p062/p134,"f=(x1-x2+x3)^2+(x2+x3)^2+(x1+a x3)^2；(I)求f=0的解(II)求规范形","a≠2时仅零解且规范形y1^2+y2^2+y3^2；a=2时解x=k(-2,-1,1)^T，规范形y1^2+y2^2"
2019,5,4,矩阵方程定规范形选择,提高篇题目/答案,p063/p135,"A三阶实对称，A^2+A=2E，|A|=4，求x^TAx规范形","C(y1^2-y2^2-y3^2)；特征值1,-2,-2"
2020,20,11,正交变换反求参数与Q,提高篇题目/答案,p063/p135,"f=x1^2-4x1x2+4x2^2经正交变换化为g=a y1^2+4y1y2+b y2^2(a≥b)；(I)求a,b(II)求正交矩阵Q","a=4,b=1；Q=[0,1;-1,0]"
2021,5,5,正负惯性指数选择,提高篇题目/答案,p063/p136,"f=(x1+x2)^2+(x2+x3)^2-(x3-x1)^2，求正/负惯性指数","B(p=1,q=1)；特征值3,-1,0"
2022,21,12,写矩阵/正交变换/f=0解,提高篇题目/答案,p064/p136,"f=sum_i sum_j i*j xi xj；(I)写矩阵(II)正交变换化标准形(III)f=0的解","A=[1,2,3;2,4,6;3,6,9]；特征值0,0,14；解x=k1(-2,1,0)+k2(-3,0,1)"
2023,21,12,合同(可逆变换)/正交变换存在性,提高篇题目/答案,p064/p137,"f=x1^2+2x2^2+2x3^2+2x1x2-2x1x3，g=y1^2+y2^2+y3^2+2y2y3；(I)求可逆变换x=Py化f为g(II)是否存在正交变换化f为g","P=[1,-1,1;0,1,0;0,0,1]；(II)不存在(B特征值0,1,2与A不相似)"
2025,5,5,正惯性指数选择,提高篇题目/答案,p064/p138,"f=x1^2+2x1x2+2x1x3，求正惯性指数","B(1)"
