年份,题号,分值,题型编号,题型关键词,来源文件,页码,题目摘要,答案摘要
1992,二(5),3,B1,已知两解反选系数矩阵,基础篇题目/答案,p170/p148,ξ1=[1,0,2]T,ξ2=[0,1,-1]T是Ax=0解选A,选A r(A)≤1
1993,一(5),3,B2,各行和为零求通解,基础篇题目/答案,p170/p148,A各行和为零r(A)=n-1求Ax=0通解,k(1,1,...,1)T
1998,十二,5,E3,由基础解系反构另一方程组通解,基础篇题目/答案,p172/p150,已知(I)基础解系求(II)通解,A的行向量组是(II)基础解
2001,九,6,B1,基础解系线性组合条件,基础篇题目/答案,p171/p148-149,βi=t1αi+t2αi+1问何时β为基础解系,t1^s+(-1)^(s+1)t2^s≠0
2004,20,9,D1,n阶带参齐次讨论,基础篇题目/答案,p171/p149-150,n阶带参a齐次方程组求非零解与通解,a=0或a=-(n+1)n/2分情况
2005,21,9,B1,AB=O反求通解,基础篇题目/答案,p172/p150,A第1行(a,b,c)B=[[1,2,3],[2,4,6],[3,6,k]]AB=O,k≠9与k=9分情况
2011,6,4,B1,伴随矩阵基础解系,提高篇题目/答案,p034/p099,A=[α1,α2,α3,α4]已知Ax=0基础解系求A*x=0,选D α2,α3,α4
2019,13,4,B2,抽象齐次通解,提高篇题目/答案,p035/p099,A=[α1,α2,α3]α3=-α1+2α2求Ax=0通解,k(1,-2,1)T
1987,九,8,D1,双参数含参讨论,基础篇题目/答案,p174/p151-152,a,b为何值唯一解/无解/无穷多解,a≠1唯一;a=1,b≠-1无解;a=1,b=-1无穷
1989,七,6,D3,单参数右端含参,基础篇题目/答案,p174/p152,λ为何值有解求解,λ=1时无穷多解
1990,二(5),3,C1,解的结构选择,基础篇题目/答案,p175/p152,β1,β2不同解α1,α2基础解系选通解,选B
2000,一(4),3,D1,已知无解反求参数,基础篇题目/答案,p176/p153,方程组无解求a,a=-1
2002,二(4),3,F1,三平面位置关系,基础篇题目/答案,p176/p153,r(A)=r(Ā)=2三平面位置,选B交于一直线
2002,九,6,C3,抽象非齐次通解,基础篇题目/答案,p177/p154,A=[α1,α2,α3,α4]α1=2α2-α3β=α1+...+α4求通解,k(1,-2,1,0)T+(1,1,1,1)T
2003,十,8,F1,三直线交于一点充要条件,基础篇题目/答案,p178/p155,三直线交于一点充要条件a+b+c=0,证明a+b+c=0
2006,20,9,D2,由3个线性无关解反求参数,基础篇题目/答案,p177/p153-154,非齐次有3个线性无关解证r(A)=2求a,b,a=2,b=-3
2008,21,12,D1,n阶三对角带参讨论,基础篇题目/答案,p178/p155-156,n阶三对角A证|A|=(n+1)a^n讨论唯一解与无穷多解,a≠0唯一x1=n/((n+1)a);a=0无穷
2009,20,11,C3,Aξ2=ξ1,A²ξ3=ξ1,提高篇题目/答案,p036/p101,求ξ2,ξ3并证线性无关,ξ2=(-k,k,1-2k)T;ξ3=(-1/2-u,u,v)T
2010,20,11,D1,带参λ与右端a,提高篇题目/答案,p036/p102,Ax=b有2个不同解求λ,a及通解,λ=-1,a=-2
2012,20,11,D1,四阶带参a,提高篇题目/答案,p037/p102-103,|A|=1-a^4讨论Ax=β无穷多解,a=-1时无穷多解
2013,20,11,C3,矩阵方程AC-CA=B,提高篇题目/答案,p037/p103,求a,b及所有C,a=-1,b=0
2014,20,11,B1,基础解系与AB=E,提高篇题目/答案,p038/p104,求Ax=0基础解系及AB=E的所有B,η=(-1,2,3,1)T
2015,5,4,D1,范德蒙型无穷多解充要,提高篇题目/答案,p038/p104,Ax=b无穷多解充要条件a,d∈Ω,选D
2016,20,11,D1,矩阵方程AX=B含参,提高篇题目/答案,p039/p105,a为何值AX=B无解/唯一/无穷,a=-2无解;a≠1,-2唯一;a=1无穷
2017,20,11,C3,抽象非齐次+特征值,提高篇题目/答案,p039/p105-106,A有3不同特征值α3=α1+2α2证r(A)=2求通解,x=(1,1,1)T+k(1,2,-1)T
2018,21,11,C3,AP=B初等列变换,提高篇题目/答案,p040/p106-107,A经列变换化为B求a及可逆P,a=2
2019,6,4,F1,三平面两两相交交线平行,提高篇题目/答案,p040/p107,三平面两两相交交线平行判断秩,选A r(A)=2,r(Ā)=3
2024,5,5,F1,三平面交于一直线,提高篇题目/答案,p041/p107,三平面交于一直线判断m,n,选B m=n=2
2025,6,5,F1,向量方程几何图形,提高篇题目/答案,p041/p107,xα1+yα2+zα3=α4几何图形,选D不过原点直线
2025,21,12,C3,Aα=α+β,A²α=α+2β,提高篇题目/答案,p041/p107-108,1是A特征多项式重根求a及α,β,a=3;α任意非零β=(A-E)α
1994,八,8,E1,两齐次方程组公共解,基础篇题目/答案,p179/p157,(I)已知(II)通解求(I)基础解系及非零公共解,公共解k(1,-1,-1,-1)T
2003,二(5),4,E2,同解与秩关系选择,基础篇题目/答案,p180/p157,Ax=0与Bx=0同解命题判断,选B ①③
2007,21,11,E1,齐次+非齐次公共解,基础篇题目/答案,p180/p157-159,方程组①与②有公共解求a及公共解,a=1时k(-1,0,1)T;a=2时(0,1,-1)T
2022,6,5,E2,同解与分块矩阵方程,提高篇题目/答案,p044/p111,Ax=0与Bx=0同解判断分块方程组,选C
2025,15,5,E2,A²x=0与Ax=0不同解反求参数,提高篇题目/答案,p044/p111,A²x=0与Ax=0不同解求a-b,a-b=-4
