年份,题号,分值,题型关键词,所属章,来源文件,页码,题目摘要,答案摘要
1996,二(5),3,数字型-拉普拉斯,L1,基础篇习题p137,p137,四阶行列式|a1 0 0 b1;0 a2 b2 0;0 b3 a3 0;b4 0 0 a4|,选D (a2a3-b2b3)(a1a4-b1b4)
1987,五(4),3,抽象型-伴随行列式,L1,基础篇习题p138,p138,A n阶|A|=a A*伴随求|A*|,选C a^(n-1)
1988,二(4),3,抽象型-按列线性,L1,基础篇习题p139,p139,A=[a,g2
2004,5,4,抽象型-矩阵方程求|B|,L1,基础篇习题p139,p139,A=[2 1 0;1 2 0;0 0 1] ABA*=2BA*+E求|B|,1/9
2005,5,4,抽象型-右乘范德蒙德,L1,基础篇习题p139,p139,B=[a1+a2+a3,a1+2a2+4a3
2006,5,4,抽象型-矩阵方程求|B|,L1,基础篇习题p140,p140,A=[2 1;-1 2] BA=B+2E求|B|,2
1991,八,6,抽象型-正定阵证行列式,L1,基础篇习题p140,p140,A正定阵证明|A+E|>1,证 特征值λi+1>1乘积>1
1995,九,6,抽象型-正交阵求|A+E|,L1,基础篇习题p141,p141,AA^T=E |A|<0求|A+E|,0
1989,二(5),3,判定|A|=0-概念,L1,基础篇习题p142,p142,四阶A|A|=0列向量关系选择,选C 必有一列是其余列线性组合
1994,九,6,判定|A|≠0-伴随转置,L1,基础篇习题p143,p143,A非零A*=A^T证明|A|≠0,证 按行展开=a11^2+...>0
1999,二(4),3,判定|AB|=0-秩,L1,基础篇习题p143,p143,A m×n B n×m 判断|AB|何时为0,选B m>n时|AB|=0
2014,5,4,数字型-拉普拉斯,L1,提高篇题目p005,p005,四阶|0 a b 0;a 0 0 b;0 c d 0;c 0 0 d|,选B -(ad-bc)^2
2015,13,4,数字型-递推n阶,L1,提高篇题目p006,p006,n阶下二对角末列全2行列式,2(2^n-1)
2016,13,4,数字型-四阶相伴型,L1,提高篇题目p006,p006,四阶|λ -1 0 0;0 λ -1 0;0 0 λ -1;4 3 2 λ+1|,λ^4+λ^3+2λ^2+3λ+4
2020,13,4,数字型-对称化简,L1,提高篇题目p006,p006,四阶|a 0 -1 1;0 a 1 -1;-1 1 a 0;1 -1 0 a|,a^2(a^2-4)
2013,13,4,抽象型-伴随转置,L1,提高篇题目p008,p008,三阶非零A aij+Aij=0求|A|,-1
2018,13,4,抽象型-特征值反求,L1,提高篇题目p008,p008,二阶A两不同特征值 A^2(a1+a2)=a1+a2求|A|,-1
2021,15,5,抽象型-余子式和伴随,L1,提高篇题目p008,p008,三阶A行和均为2 |A|=3求A11+A21+A31,3/2
1988,七题,6分,相似对角化求A及A^5,L2,基础篇题目/答案,p145/p128,AP=PB B对角阵 P给定 求A及A^5,A=PBP^{-1}; A^5=PB^5P^{-1}=A
1994,一(5),3分,秩1矩阵A^n,L2,基础篇题目/答案,p145/p128,A=alpha^T beta 求A^n,A^n=3^{n-1}alpha^T beta
1995,二(5),3分,初等矩阵左乘右乘,L2,基础篇题目/答案,p145/p129,A经行变换得B P1P2给定选等式,选(C) P1P2A=B
1997,八题,5分,对换行反推AB^{-1},L2,基础篇题目/答案,p146/p129,A对换i j行得B 证可逆求AB^{-1},B=E_ij A; AB^{-1}=E_ij
2004,11题,4分,列变换反推Q,L2,基础篇题目/答案,p146/p129,A列交换再加列得C 求Q使AQ=C,选(D) Q为右乘初等矩阵之积
2005,12题,4分,行变换后伴随矩阵,L2,基础篇题目/答案,p146/p129-130,A行对换得B 选A* B*关系,选(C) 交换A*列得-B*
2006,12题,4分,行+列变换合成PAP^{-1},L2,基础篇题目/答案,p147/p130,A行变换列变换得C P给定 选等式,选(B) C=PAP^{-1}
1997,一(4),3分,AB=O含参求t,L2,基础篇题目/答案,p147/p130,AB=O B非零 求t,t=-3
1989,一(5),3分,初等行变换求(A-2E)^{-1},L2,基础篇题目/答案,p149/p131,给定A求(A-2E)^{-1},分块对角求逆
1991,一(5),3分,分块对角求逆,L2,基础篇题目/答案,p149/p131-132,四阶分块对角阵求A^{-1},两2阶块各求逆
1991,二(5),3分,ABC=E循环移位,L2,基础篇题目/答案,p150/p132,ABC=E 选必成立,选(D) BCA=E
1996,八题,6分,E-xi xi^T幂等与不可逆,L2,基础篇题目/答案,p150/p132,A=E-xi xi^T 证A^2=A等价条件及不可逆,xi^T xi=1时A不可逆
2001,一(4),3分,矩阵多项式求逆,L2,基础篇题目/答案,p150/p132,A^2+A-4E=O 求(A-E)^{-1},(A-E)^{-1}=(A+2E)/2
2008,5题,4分,A^3=O判E±A可逆,L2,基础篇题目/答案,p151/p132,A^3=O 判E-A E+A可逆性,选(C) 均可逆
1992,一(5),3分,秩1矩阵求秩,L2,基础篇题目/答案,p153/p134,A=a_i b_j 矩阵 求r(A),r(A)=1
1993,二(5),3分,PQ=O含参秩,L2,基础篇题目/答案,p153/p134,PQ=O P非零 选r(P),选(C) t≠6时r(P)=1
1996,一(5),3分,右乘可逆阵保秩,L2,基础篇题目/答案,p153/p134,r(A)=2 B可逆 求r(AB),r(AB)=2
2007,15题,4分,幂零Jordan块求r(A^3),L2,基础篇题目/答案,p154/p135,4阶幂零块 求r(A^3),r(A^3)=1
1998,二(4),3分,满秩矩阵判断直线位置,L2,基础篇题目/答案,p154/p135,满秩矩阵判断两直线关系,选(A) 相交于一点
2008,20题,10分,A=alpha alpha^T+beta beta^T证秩,L2,基础篇题目/答案,p154/p135-136,证r(A)≤2 线性相关时r(A)<2,r(A+B)≤r(A)+r(B)
1987,三(2),4分,AX=B型矩阵方程,L2,基础篇题目/答案,p156/p137,AB=A+2B A给定 求B,B=(A-2E)^{-1}A
1995,一(5),3分,A^{-1}BA=6A+BA求B,L2,基础篇题目/答案,p156/p137-138,A^{-1}BA=6A+BA A对角 求B,B=6(A^{-1}-E)^{-1}=diag(3
1990,七题,6分,转置分块化简求A,L2,基础篇题目/答案,p157/p138,A(E-C^{-1}B)^T C^T=E 求A,A=[(C-B)^T]^{-1}
2000,十题,6分,含A*混合矩阵方程,L2,基础篇题目/答案,p157/p138,ABA^{-1}=BA^{-1}+3E A*给定 求B,B=6(2E-A*)^{-1}
2011,5题,4分,初等变换反推A,L2,提高篇题目/答案,p010/p076,A列加列得B B对换行得E 求A,选(D) A=P2 P1^{-1}
2012,6题,4分,Q^{-1}AQ对角阵,L2,提高篇题目/答案,p011/p076,P^{-1}AP对角 Q=P列变换 求Q^{-1}AQ,选(B) 仍为diag(1
2020,5题,4分,初等列变换等价命题,L2,提高篇题目/答案,p011/p076,A初等列变换得B 选正确,选(B) BP=A
2009,6题,4分,分块反对角伴随矩阵,L2,提高篇题目/答案,p013/p079,分块[[O,A]
2017,5题,4分,E-aa^T不可逆判定,L2,提高篇题目/答案,p013/p079,alpha单位列向量 判E-k aa^T不可逆,选(A) E-alpha alpha^T不可逆
2022,15题,5分,(E-A)^{-1}B=A求B-A,L2,提高篇题目/答案,p014/p079,(E-A)^{-1}B=A 求B-A,B-A=-E
2010,5题,4分,AB=E判秩,L2,提高篇题目/答案,p017/p082,A m×n B n×m AB=E 选秩,选(A) r(A)=r(B)=m
2012,13题,4分,E-aa^T的秩,L2,提高篇题目/答案,p017/p083,alpha三维单位列向量 求r(E-alpha alpha^T),r=2
2018,6题,4分,分块矩阵秩等式,L2,提高篇题目/答案,p018/p083,分块矩阵秩等式找正确,选(A) r(A AB)=r(A)
2021,7题,5分,分块矩阵秩找不成立,L2,提高篇题目/答案,p018/p083-084,分块矩阵秩找不成立结论,选(C)
2023,5题,5分,ABC=O三分块秩排序,L2,提高篇题目/答案,p018/p084,ABC=O 三分块矩阵秩r1 r2 r3排序,选(B) r1≤r3≤r2
2025,7题,5分,Frobenius秩不等式夹逼,L2,提高篇题目/答案,p019/p085,r(A)+r(B)+r(C)=r(ABC)+2n 判结论,选(A) ①②正确
1991,七,8,线性表出讨论反求参数,L3,基础篇题目p159/答案p136,p159;答p139,α1=(1,0
1992,八,7,抽象相关推出表出,L3,基础篇题目p159/答案p136,p159;答p139,α1α2α3线性相关 α2α3α4线性无关;(1)α1能否由α2α3表出(2)α4能否由α1α2α3表出,(1)能(反证/秩);(2)不能(反证法)
1988,三(5),3,线性无关定义判定,L3,基础篇题目p161/答案p136,p161;答p140,s维向量组(3≤s≤n)线性无关充要条件四选项,选D 任意一个向量都不能由其余表出
1994,二(5),3,抽象组合向量组相关性,L3,基础篇题目p161/答案p137,p161;答p141,α1α2α3α4线性无关 问哪组组合线性无关四选项,选C 系数行列式=2≠0
1997,二(4),3,三直线相交于一点充要,L3,基础篇题目p161/答案p137,p161;答p141,三条直线相交于一点充要条件αi=(ai,bi
1998,十一,4,抽象证明幂零链无关,L3,基础篇题目p162/答案p137,p162;答p141,A n阶 A^kα=0且A^{k-1}α≠0 证明α Aα ... A^{k-1}α无关,归纳定义法 左乘A^{k-1}逐次定系数为0
2003,二(4),4,表出与相关性经典结论,L3,基础篇题目p162/答案p137,p162;答p141,组I可由组II线性表示 问哪个正确,选D 当r>s时组I必相关(多由少表出必相关)
2004,12,4,AB=O行列向量相关性,L3,基础篇题目p162/答案p138,p162;答p142,AB=O A,B非零 问哪个正确
2005,11,4,特征向量相关性充要,L3,基础篇题目p163/答案p138,p163;答p142,λ1λ2不同特征值特征向量α1α2 α1与A(α1+α2)无关充要条件,选B λ2≠0
2006,11,4,矩阵乘向量组相关性,L3,基础篇题目p163/答案p138,p163;答p142,α1..αs n维列向量 A是m×n 哪个正确,选A 原组相关则Aαi组相关
2007,7,4,抽象组合相关性判定,L3,基础篇题目p163/答案p139,p163;答p143,α1α2α3线性无关 问哪组组合线性相关,选A (α1-α2)+(α2-α3)+(α3-α1)=0
1993,八,6,AB=E证列无关,L3,基础篇题目p164/答案p139,p164;答p143,A n×m B m×n n<m E n阶 AB=E 证明B列向量组无关,秩法r(B)≥r(AB)=n且r(B)≤n故r(B)=n
2000,二(4),3,β组无关充要(矩阵等价),L3,基础篇题目p164/答案p139-140,p164;答p144,α1..αm(m<n)无关 β1..βm无关充要条件四选项,选D 矩阵A与B等价(等秩)
1990,一(5),3,初等行变换求向量组秩,L3,基础篇题目p165/答案p141,p165;答p145,α1=(1,2
1987,一(5),3,向量坐标计算,L3,基础篇题目p167/答案p142,p167;答p146,三维空间基α1=(1,1
1997,七(1),5,解空间标准正交基Schmidt,L3,基础篇题目p168/答案p143,p168;答p147,B是秩2的5×4矩阵 α1=(1,1
2003,一(4),4,过渡矩阵R2,L3,基础篇题目p168/答案p143,p168;答p147,从R2基α1=(1,0) α2=(1
2011,20,11,不能表出反求参数再表出,L3,提高篇题目p022/答案p086,p022;答p088,α1=(1,0
2013,5,4,AB=C可逆列向量组等价,L3,提高篇题目p023/答案p086,p023;答p088-089,A,B
2020,6,4,两直线相交推出表出,L3,提高篇题目p023/答案p087,p023;答p089,两直线l1 l2相交于一点 αi=(ai,bi
2022,7,5,向量组等价反求λ,L3,提高篇题目p023/答案p087,p023;答p089-090,α1=(λ,1
2023,7,5,公共可表出向量,L3,提高篇题目p024/答案p090,p024;答p090,α1=(1,2
2012,5,4,带任意常数相关性判定,L3,提高篇题目p026/答案p089,p026;答p092,α1=(0,0
2014,6,4,抽象充要条件(任意k,L3,l),提高篇题目p027/答案p089,p027;答p092-093,α1α2α3三维 对任意k
2024,6,5,相关但两两无关反求参数,L3,提高篇题目p027/答案p090,p027;答p093,α1=(a,1
2017,13,4,矩阵乘无关组求秩,L3,提高篇题目p029/答案p091,p029;答p094,A=[[1,0
2021,6,5,Schmidt正交化系数,L3,提高篇题目p031/答案p093,p031;答p096,α1=(1,0
2023,15,5,正交内积反求系数平方和,L3,提高篇题目p031/答案p093,p031;答p096,α1=(1,0
2009,5,4,过渡矩阵观察法,L3,提高篇题目p032/答案p093,p032;答p096,α1α2α3 R3基 由基α1,½α2
2010,13,4,生成空间维数反求a,L3,提高篇题目p033/答案p093,p033;答p096-097,α1=(1,2
2015,20,11,基判定+两组基下同坐标,L3,提高篇题目p033/答案p094,p033;答p097,α1α2α3 R3基 β1=2α1+2kα3 β2=2α2 β3=α1+(k+1)α3;(I)证β组为基(II)k何值有非零ξ两组基下同坐标求ξ,(I)过渡矩阵行列式=4≠0;(II)k=0时 ξ=t(α1-α3) t≠0
2019,20,11,坐标反求+过渡矩阵,L3,提高篇题目p033/答案p095,p033;答p098,α1=(1,2
1992,二(5),3,已知两解反选系数矩阵,L4,基础篇题目/答案,p170/p148,ξ1=[1,0
1993,一(5),3,各行和为零求通解,L4,基础篇题目/答案,p170/p148,A各行和为零r(A)=n-1求Ax=0通解,k(1
1998,十二,5,由基础解系反构另一方程组通解,L4,基础篇题目/答案,p172/p150,已知(I)基础解系求(II)通解,A的行向量组是(II)基础解
2001,九,6,基础解系线性组合条件,L4,基础篇题目/答案,p171/p148-149,βi=t1αi+t2αi+1问何时β为基础解系,t1^s+(-1)^(s+1)t2^s≠0
2004,20,9,n阶带参齐次讨论,L4,基础篇题目/答案,p171/p149-150,n阶带参a齐次方程组求非零解与通解,a=0或a=-(n+1)n/2分情况
2005,21,9,AB=O反求通解,L4,基础篇题目/答案,p172/p150,A第1行(a,b
2011,6,4,伴随矩阵基础解系,L4,提高篇题目/答案,p034/p099,A=[α1,α2
2019,13,4,抽象齐次通解,L4,提高篇题目/答案,p035/p099,A=[α1,α2
1987,九,8,双参数含参讨论,L4,基础篇题目/答案,p174/p151-152,a,b为何值唯一解/无解/无穷多解
1989,七,6,单参数右端含参,L4,基础篇题目/答案,p174/p152,λ为何值有解求解,λ=1时无穷多解
1990,二(5),3,解的结构选择,L4,基础篇题目/答案,p175/p152,β1,β2不同解α1
2000,一(4),3,已知无解反求参数,L4,基础篇题目/答案,p176/p153,方程组无解求a,a=-1
2002,二(4),3,三平面位置关系,L4,基础篇题目/答案,p176/p153,r(A)=r(Ā)=2三平面位置,选B交于一直线
2002,九,6,抽象非齐次通解,L4,基础篇题目/答案,p177/p154,A=[α1,α2
2003,十,8,三直线交于一点充要条件,L4,基础篇题目/答案,p178/p155,三直线交于一点充要条件a+b+c=0,证明a+b+c=0
2006,20,9,由3个线性无关解反求参数,L4,基础篇题目/答案,p177/p153-154,非齐次有3个线性无关解证r(A)=2求a,b
2008,21,12,n阶三对角带参讨论,L4,基础篇题目/答案,p178/p155-156,n阶三对角A证|A|=(n+1)a^n讨论唯一解与无穷多解,a≠0唯一x1=n/((n+1)a);a=0无穷
2009,20,11,Aξ2=ξ1,L4,A²ξ3=ξ1,提高篇题目/答案,p036/p101,求ξ2
2010,20,11,带参λ与右端a,L4,提高篇题目/答案,p036/p102,Ax=b有2个不同解求λ,a及通解
2012,20,11,四阶带参a,L4,提高篇题目/答案,p037/p102-103,|A|=1-a^4讨论Ax=β无穷多解,a=-1时无穷多解
2013,20,11,矩阵方程AC-CA=B,L4,提高篇题目/答案,p037/p103,求a,b及所有C
2014,20,11,基础解系与AB=E,L4,提高篇题目/答案,p038/p104,求Ax=0基础解系及AB=E的所有B,η=(-1
2015,5,4,范德蒙型无穷多解充要,L4,提高篇题目/答案,p038/p104,Ax=b无穷多解充要条件a,d∈Ω
2016,20,11,矩阵方程AX=B含参,L4,提高篇题目/答案,p039/p105,a为何值AX=B无解/唯一/无穷,a=-2无解;a≠1
2017,20,11,抽象非齐次+特征值,L4,提高篇题目/答案,p039/p105-106,A有3不同特征值α3=α1+2α2证r(A)=2求通解,x=(1
2018,21,11,AP=B初等列变换,L4,提高篇题目/答案,p040/p106-107,A经列变换化为B求a及可逆P,a=2
2019,6,4,三平面两两相交交线平行,L4,提高篇题目/答案,p040/p107,三平面两两相交交线平行判断秩,选A r(A)=2
2024,5,5,三平面交于一直线,L4,提高篇题目/答案,p041/p107,三平面交于一直线判断m,n
2025,6,5,向量方程几何图形,L4,提高篇题目/答案,p041/p107,xα1+yα2+zα3=α4几何图形,选D不过原点直线
2025,21,12,Aα=α+β,L4,A²α=α+2β,提高篇题目/答案,p041/p107-108,1是A特征多项式重根求a及α
1994,八,8,两齐次方程组公共解,L4,基础篇题目/答案,p179/p157,(I)已知(II)通解求(I)基础解系及非零公共解,公共解k(1
2003,二(5),4,同解与秩关系选择,L4,基础篇题目/答案,p180/p157,Ax=0与Bx=0同解命题判断,选B ①③
2007,21,11,齐次+非齐次公共解,L4,基础篇题目/答案,p180/p157-159,方程组①与②有公共解求a及公共解,a=1时k(-1
2022,6,5,同解与分块矩阵方程,L4,提高篇题目/答案,p044/p111,Ax=0与Bx=0同解判断分块方程组,选C
2025,15,5,A²x=0与Ax=0不同解反求参数,L4,提高篇题目/答案,p044/p111,A²x=0与Ax=0不同解求a-b,a-b=-4
1987,试卷II,6,不同特征值特征向量之和不是特征向量-反证法,L5,基础篇题目p183/答案p161,p183/p161,设λ1≠λ2为A特征值x1x2为对应特征向量证明x1+x2不是A的特征向量,反证推出(λ-λ1)x1+(λ-λ2)x2=0矛盾故不是特征向量
1989,八题,8,可逆矩阵特征值反推A逆与A伴随,L5,基础篇题目p183/答案p161,p183/p161,λ为可逆矩阵A特征值证明1/λ是A逆特征值且|A|/λ是A伴随特征值,Aα=λα左乘A逆得A逆α=1/λα由A逆=A*/|A|得A*α=|A|/λα
1998,一(4)题,3,A伴随多项式特征值,L5,基础篇题目p183/答案p161,p183/p161,A有特征值λ求(A*)^2+E的特征值,(|A|/λ)^2+1
1999,一(4)题,3,r=1全1矩阵特征值,L5,基础篇题目p184/答案p162,p184/p162,n阶矩阵A元素全为1求n个特征值,n
1999,十题,8,由A*特征向量反求含参,L5,基础篇题目p184/答案p162,p184/p162,A=[a,-1
2008,13题,4,抽象矩阵非零特征值,L5,基础篇题目p184/答案p162,p184/p162,A二阶α1α2无关Aα1=0Aα2=2α1+α2求非零特征值,1
2003,九题,10,A*经相似变换求B+2E特征值,L5,基础篇题目p185/答案p163,p185/p163,A=[3,2
1988,八题,8,相似求参数并求P,L5,基础篇题目p186/答案p165,p186/p165,A=[2,0
1992,九题,7,已知特征值特征向量求A^nβ,L5,基础篇题目p187/答案p165,p187/p165,A特征值123对应ξ1ξ2ξ3β=(1,1
1997,七(2)题,6,已知特征向量反求参数并判对角化,L5,基础篇题目p187/答案p166,p187/p166,ξ=(1,1
2001,十题,8,由P=[xAx A²x]反求B,L5,基础篇题目p188/答案p166,p188/p166,P=(xAxA²x)A³x=3Ax-2A²x求B使A=PBP逆及|A+E|,B=[0
2002,十题,8,相似则特征多项式相等及逆命题,L5,基础篇题目p188/答案p166,p188/p166,证明相似矩阵特征多项式相等举二阶反例并证实对称时逆命题成立,行列式变换证明反例A=[0
2004,21题,9,含参二重根讨论对角化,L5,基础篇题目p189/答案p167,p189/p167,A=[1,2
2000,十一题,8,熟练工转移矩阵求A^n,L5,基础篇题目p189/答案p168,p189/p168,熟练工非熟练工转移写A验证特征向量初值求x_{n+1}y_{n+1},A=[9/10
1995,八题,7,实对称已知部分特征向量反求A,L5,基础篇题目p191/答案p170,p191/p170,三阶实对称Aλ1=-1λ2=λ3=1对应ξ1=(0,1
2006,21题,9,实对称各行和为3求正交对角化,L5,基础篇题目p191/答案p170,p191/p170,三阶实对称各行和为3α1=(-1,2
2007,22题,11,实对称矩阵多项式B反求B,L5,基础篇题目p192/答案p171,p192/p170,A特征值1,2
2009,13题,4,r=1列向量外积特征值,L5,提高篇题目p047/答案p114,p047/p114,三维列向量αβ满足αᵀβ=2求βαᵀ的非零特征值,2
2024,7题,5,由秩与几何条件判迹,L5,提高篇题目p048/答案p114,p048/p114,A秩2三阶Aα=0且与α正交β满足Aβ=β判A²A³迹,选A即A³迹为2特征值0
2014,21题,11,全1矩阵与对角阵相似证明,L5,提高篇题目p049/答案p115,p049/p115,证明n阶全1矩阵与对角阵(末列1..n)相似,两者特征值同为n
2016,5题,4,相似矩阵运算保持判别,L5,提高篇题目p050/答案p116,p050/p116,AB可逆且相似选错误结论,A+Aᵀ与B+Bᵀ不相似选C
2017,6题,4,判别三矩阵相似关系,L5,提高篇题目p050/答案p116,p050/p116,A=[2,0
2018,5题,4,与Jordan块相似判别,L5,提高篇题目p050/答案p116,p050/p116,选与[1,1
2022,5题,5,可对角化充分不必要条件,L5,提高篇题目p051/答案p117,p051/p117,选三阶A可对角化的充分不必要条件,选A特征值互异
2023,6题,5,不能相似对角化矩阵判别,L5,提高篇题目p051/答案p117,p051/p117,选不能相似于对角阵的含a矩阵,选D二重根2秩为2不可对角化
2024,21题,12,三元数列递推求A^n,L5,提高篇题目p051/答案p118,p051/p118,三元递推x_n y_n z_n写A求A^n及通项,A=[-2
2015,21题,11,含参相似求P对角化,L5,提高篇题目p053/答案p120,p053/p119,A=[0,2
2016,21题,11,求A^99及矩阵幂次递推,L5,提高篇题目p053/答案p121,p053/p120,A=[0,-1
2019,21题,11,含参相似求P相似于非对角B,L5,提高篇题目p054/答案p122,p054/p121,A=[-2,-2
2020,21题,11,抽象基P=[αAα]反求相似矩阵,L5,提高篇题目p054/答案p122,p054/p122,P=(αAα)α非零非特征向量A²α+Aα-6α=0证P可逆求P逆AP判对角化,P逆AP=[0
2010,6题,4,矩阵多项式约束实对称相似对角形,L5,提高篇题目p056/答案p124,p056/p124,四阶实对称A²+A=O秩3求A相似于哪个对角阵,选D即diag(-1
2011,21题,11,实对称秩2已知矩阵乘积反求A,L5,提高篇题目p057/答案p124,p057/p124,三阶实对称秩2A乘两列等于给定两列求特征值及A,特征值1
2013,6题,4,实对称矩阵相似充要条件,L5,提高篇题目p057/答案p126,p057/p125,[1,a
2021,21题,12,实对称正交对角化并求正定平方根,L5,提高篇题目p057/答案p127,p057/p126,A=[a,1
1990,八,8,正交变换化标准形,L6,基础篇题目/答案,p194/p173,f=x1^2+4x2^2+4x3^2-4x1x2+4x1x3-8x2x3，求正交变换化标准形,"A特征值0,0,9；标准形f=9y3^2"
1993,七,8,正交变换反求参数与正交矩阵,L6,基础篇题目/答案,p194/p174,f=2x1^2+3x2^2+3x3^2+2a x2x3(a>0)，正交变换化y1^2+2y2^2+5y3^2，求a及正交矩阵,"a=2；特征值1,2,5"
1996,九,8,二次型秩/特征值/二次曲面,L6,基础篇题目/答案,p194/p175,f=5x1^2+5x2^2+c x3^2-2x1x2+6x1x3-6x2x3秩2；(1)求c及特征值(2)f=1表示何种曲面,"c=3；特征值0,4,9；椭圆柱面4y2^2+9y3^2=1"
1998,十,6,二次曲面正交变换,L6,基础篇题目/答案,p195/p175,"x^2+a y^2+z^2+2bxy+2xz+2yz=4经正交变换化为xi^2+4eta^2=4，求a,b及正交矩阵P","a=3,b=1；特征值0,1,4"
2002,一(4),3,标准形反求参数,L6,基础篇题目/答案,p195/p176,f=a(x1^2+x2^2+x3^2)+4x1x2+4x1x3+4x2x3经正交变换化f=6y1^2，求a,a=2
2005,20,9,秩/正交变换/f=0解,L6,基础篇题目/答案,p196/p176,f=(1-a)x1^2+(1-a)x2^2+2x3^2+2(1+a)x1x2秩2；(I)求a(II)正交变换化标准形(III)f=0的解,"a=0；特征值2,2,0；标准形2y1^2+2y2^2；解x=k(1,-1,0)^T"
2008,6,4,二次曲面判正特征值个数,L6,基础篇题目/答案,p196/p177,三阶实对称A，x^TAx=1正交变换标准方程图形为双叶双曲面，问A正特征值个数,B(1个)
1991,八,6,正定矩阵证明,L6,基础篇题目/答案,p197/p177,A为n阶正定矩阵，E单位阵，证明|A+E|>1,特征值全正λi>0，|A+E|=prod(1+λi)>1
1999,十一,6,正定充要条件,L6,基础篇题目/答案,p197/p178,A为m阶实对称正定，B为m×n实矩阵，证明B^TAB正定等价于r(B)=n,必要性Bx=0只有零解；充分性B列满秩
2001,二(4),3,合同vs相似选择,L6,基础篇题目/答案,p199/p179,"A为4阶全1矩阵，B=diag(4,0,0,0)，问合同/相似关系",A(合同且相似)
2007,8,4,合同vs相似选择,L6,基础篇题目/答案,p199/p179,"A为三对角(2,-1;-1,2,-1;-1,2)，B=diag(1,1,0)，问合同/相似关系","B(合同但不相似)；A特征值3,3,0"
2009,21,11,规范形反求参数,L6,提高篇题目/答案,p059/p129,f=a x1^2+a x2^2+(a-1)x3^2+2x1x3-2x2x3；(I)求所有特征值(II)规范形y1^2+y2^2求a,"特征值a,a+1,a-2；a=2"
2010,21,11,反求矩阵A+证正定,L6,提高篇题目/答案,p060/p129,"f=x^TAx正交变换x=Qy下标准形y1^2+y2^2，Q第3列(sqrt2/2,0,sqrt2/2)^T；(I)求A(II)证A+E正定","A=[1/2,0,-1/2;0,1,0;-1/2,0,1/2]；特征值1,1,0；A+E特征值2,2,1>0正定"
2011,13,4,二次曲面反求参数,L6,提高篇题目/答案,p060/p130,x^2+3y^2+z^2+2axy+2xz+2yz=4经正交变换化为y1^2+4z1^2=4，求a,a=1
2012,21,11,A^TA秩/正交变换,L6,提高篇题目/答案,p060/p130,"A=[1,0,1;0,1,1;-1,0,a;0,a,-1]，f=x^T(A^TA)x秩2；(I)求a(II)正交变换化标准形","a=-1；A^TA特征值0,2,6；标准形2y2^2+6y3^2"
2013,21,11,矩阵表达式证明/标准形,L6,提高篇题目/答案,p061/p131,"f=2(a1x1+a2x2+a3x3)^2+(b1x1+b2x2+b3x3)^2；(I)证矩阵=2aa^T+bb^T(II)a,b正交单位证标准形2y1^2+y2^2","A=2aa^T+bb^T；特征值2,1,0"
2014,13,4,负惯性指数求参数范围,L6,提高篇题目/答案,p061/p132,f=x1^2-x2^2+2a x1x3+4x2x3负惯性指数为1，求a范围,"a∈[-2,2]"
2015,6,4,标准形列变换选择,L6,提高篇题目/答案,p061/p132,"f在x=Py(P=[e1,e2,e3])下标准形2y1^2+y2^2-y3^2，Q=[e1,-e3,e2]，求x=Qy下标准形",A(2y1^2-y2^2+y3^2)
2016,6,4,二次曲面类型选择,L6,提高篇题目/答案,p062/p133,f=x1^2+x2^2+x3^2+4x1x2+4x1x3+4x2x3，f=2表示何种二次曲面,"B(双叶双曲面)；特征值5,-1,-1"
2017,21,11,正交变换求参数与Q,L6,提高篇题目/答案,p062/p133,f=2x1^2-x2^2+a x3^2+2x1x2-8x1x3+2x2x3，正交变换标准形λ1y1^2+λ2y2^2，求a及正交矩阵Q,"a=2；特征值6,-3,0；标准形6y1^2-3y2^2"
2018,20,11,f=0解/规范形含参,L6,提高篇题目/答案,p062/p134,f=(x1-x2+x3)^2+(x2+x3)^2+(x1+a x3)^2；(I)求f=0的解(II)求规范形,"a≠2时仅零解且规范形y1^2+y2^2+y3^2；a=2时解x=k(-2,-1,1)^T，规范形y1^2+y2^2"
2019,5,4,矩阵方程定规范形选择,L6,提高篇题目/答案,p063/p135,A三阶实对称，A^2+A=2E，|A|=4，求x^TAx规范形,"C(y1^2-y2^2-y3^2)；特征值1,-2,-2"
2020,20,11,正交变换反求参数与Q,L6,提高篇题目/答案,p063/p135,"f=x1^2-4x1x2+4x2^2经正交变换化为g=a y1^2+4y1y2+b y2^2(a≥b)；(I)求a,b(II)求正交矩阵Q","a=4,b=1；Q=[0,1;-1,0]"
2021,5,5,正负惯性指数选择,L6,提高篇题目/答案,p063/p136,f=(x1+x2)^2+(x2+x3)^2-(x3-x1)^2，求正/负惯性指数,"B(p=1,q=1)；特征值3,-1,0"
2022,21,12,写矩阵/正交变换/f=0解,L6,提高篇题目/答案,p064/p136,f=sum_i sum_j i*j xi xj；(I)写矩阵(II)正交变换化标准形(III)f=0的解,"A=[1,2,3;2,4,6;3,6,9]；特征值0,0,14；解x=k1(-2,1,0)+k2(-3,0,1)"
2023,21,12,合同(可逆变换)/正交变换存在性,L6,提高篇题目/答案,p064/p137,f=x1^2+2x2^2+2x3^2+2x1x2-2x1x3，g=y1^2+y2^2+y3^2+2y2y3；(I)求可逆变换x=Py化f为g(II)是否存在正交变换化f为g,"P=[1,-1,1;0,1,0;0,0,1]；(II)不存在(B特征值0,1,2与A不相似)"
2025,5,5,正惯性指数选择,L6,提高篇题目/答案,p064/p138,f=x1^2+2x1x2+2x1x3，求正惯性指数,B(1)
